product_id,target_fill_rate,safety_stock,cycle_service_level,inventory_level,mean_demand_risk,demand_std_risk
SKU-A,0.98,22.985238568599737,0.6637982147200521,628.2352385685997,605.25,54.35770146665387
SKU-B,0.98,22.6580382215931,0.6164600703001574,1048.6580382215932,1026.0,76.49658917454951
