product_id,case_id,node_index,lead_time,x_tau,safety_stock,local_S,holding_cost_rate,total_case_cost
SKU-A,3,0,4,4.0,82.24268134757361,482.2426813475736,1,485.1478901073075
SKU-A,3,1,3,0.0,0.0,0.0,2,485.1478901073075
SKU-A,3,2,2,6.0,100.72630218993346,700.7263021899334,4,485.1478901073075
SKU-B,3,0,4,4.0,82.24268134757361,482.2426813475736,1,485.1478901073075
SKU-B,3,1,3,0.0,0.0,0.0,2,485.1478901073075
SKU-B,3,2,2,6.0,100.72630218993346,700.7263021899334,4,485.1478901073075
