product_id,policy,Q,s,S,R,safety_stock,optimal_cost
SKU-A,EOQ,401.7461885320133,,,4.0,,26113.502254580868
SKU-A,sQ,401.7461885320133,253.37115454088112,,,51.62115454088113,
SKU-A,RS,,,694.660462410171,4.0,89.41046241017098,
SKU-B,EOQ,640.6246951218786,,,2.0,,41640.60518292211
SKU-B,sQ,640.6246951218786,601.9722001690006,,,88.97220016900064,
SKU-B,RS,,,1151.8256921531745,2.0,125.82569215317449,
